url,is_private,has_homepage,size,stars,watchers,has_projects,has_pages,has_wiki,has_discussions,forks,is_archived,is_disabled,open_issues,subscribers_count,created_at,updated_at,is_private_b,has_homepage_b,size_b,stars_b,watchers_b,has_projects_b,has_pages_b,has_wiki_b,has_discussions_b,forks_b,is_archived_b,is_disabled_b,open_issues_b,subscribers_count_b,stars_ratio,watchers_ratio,forks_ratio,size_ratio,commit_count,commit_count_b,commit_count_ratio,commit_decay,commit_decay_b,age_days,days_since_update,age_days_b,days_since_update_b,log_stars,log_watchers,log_forks,log_commit_count,open_issues_count,closed_issues_count,open_prs_count,closed_prs_count,used_by
https://github.com/zloirock/core-js,False,False,62787,24762,24762,False,True,False,True,1660,False,False,40,254,2013-07-17T16:32:27Z,2025-01-25T17:56:45Z,0,0,1,1,1,0,1,0,1,1,0,0,1,1,0.2172657956848672,0.2172657956848672,0.01456510866799449,0.550903299962271,510,1,0.00445488771062447,0.12111137497031584,1,4210,0,1,0,10.117065498980637,10.117065498980637,7.414572881350589,6.234410725718371,33,923,7,365,20022808
https://github.com/sindresorhus/p-cancelable,False,False,59,441,441,False,False,False,False,22,False,False,3,8,2016-11-28T10:27:44Z,2024-10-13T14:59:20Z,0,0,1,1,1,0,0,0,0,1,0,0,1,1,0.45794392523364486,0.45794392523364486,0.02284527518172378,0.0612668743509865,690,1,0.41742286751361163,0.2314659510231466,1,2980,104,1,1,6.089044875446846,6.089044875446846,3.091042453358316,6.536691597591305,3,16,0,20,0
https://github.com/fb55/entities,False,False,4549,331,331,False,False,False,False,64,False,False,4,5,2012-01-13T17:02:59Z,2025-01-24T20:41:59Z,0,0,1,1,1,0,0,0,0,1,0,0,1,1,0.06274881516587678,0.06274881516587678,0.012132701421800948,0.8623696682464455,900,1,0.145748987854251,0.1889962200755985,1,4761,1,1,1,5.802118375377063,5.802118375377063,4.1588830833596715,6.802394763324311,1,40,3,1668,20928144
https://github.com/paradigmxyz/reth,False,True,88008,4276,4276,True,True,False,True,1355,False,False,307,60,2022-09-15T23:05:57Z,2025-01-25T16:27:57Z,0,1,1,1,1,1,1,0,1,1,0,0,1,1,0.04367053056222234,0.04367053056222234,0.013838533421845479,0.8988204054537099,30,1,0.00030629434886926337,0.03476245654692932,1,862,0,1,0,8.360773272144936,8.360773272144936,7.2115567333138015,3.4011973816621555,233,3487,74,10070,0
https://github.com/yarnpkg/yarn,False,True,119826,41478,41478,True,False,False,False,2733,False,False,2068,555,2016-01-19T17:39:16Z,2025-01-25T06:03:31Z,0,1,1,1,1,1,0,0,0,1,0,0,1,1,0.20182468432961098,0.20182468432961098,0.013298299394204802,0.5830523319465732,510,1,0.0024754277393520202,0.15477996965098634,1,3294,0,1,0,10.63291844517332,10.63291844517332,7.913155185928068,6.234410725718371,1864,4730,204,2142,226487
https://github.com/tokio-rs/tokio,False,True,14201,27747,27747,False,False,False,True,2543,False,False,326,314,2016-09-09T22:31:36Z,2025-01-25T20:09:06Z,0,1,1,1,1,0,0,0,1,1,0,0,1,1,0.38410531853041335,0.38410531853041335,0.035203078712035214,0.19658628422713806,480,1,0.006600841607304932,0.1568627450980392,1,3059,0,1,0,10.23088300522237,10.23088300522237,7.841099765422119,6.173786103901937,287,2087,39,3965,476562
https://github.com/python/typeshed,False,False,25399,4468,4468,True,False,False,False,1788,False,False,263,76,2015-03-05T04:51:28Z,2025-01-25T18:35:30Z,0,0,1,1,1,1,0,0,0,1,0,0,1,1,0.12368850870636437,0.12368850870636437,0.04949755003737231,0.703125432549899,540,1,0.014728745601832911,0.14937759336099585,1,3614,0,1,0,8.404696160189092,8.404696160189092,7.488852955733459,6.29156913955832,190,2520,73,10625,0
https://github.com/ethereum/remix-project,False,True,251427,2561,2561,True,False,True,False,1066,False,False,796,68,2020-03-20T07:49:48Z,2025-01-25T16:18:07Z,0,1,1,1,1,1,0,1,0,1,0,0,1,1,0.009941191312617666,0.009941191312617666,0.004137957805252023,0.9759796595695126,90,1,0.00034923653014105275,0.050761421319796954,1,1772,0,1,0,7.848153086199526,7.848153086199526,6.97166860472579,4.499809670330265,755,1485,41,3293,0
https://github.com/streetsidesoftware/cspell-dicts,False,False,431354,230,230,True,False,True,True,213,False,False,35,6,2017-03-24T14:25:08Z,2025-01-24T18:58:43Z,0,0,1,1,1,1,0,1,1,1,0,0,1,1,0.0005323741340240309,0.0005323741340240309,0.0004930247415092112,0.9984422269904427,180,1,0.00041646710951002644,0.06282722513089005,1,2864,1,1,1,5.438079308923196,5.438079308923196,5.3612921657094255,5.19295685089021,34,182,1,3776,0
https://github.com/heim-rs/darwin-libproc,False,True,54,8,8,False,False,False,False,23,False,False,6,2,2019-08-13T12:48:25Z,2025-01-08T20:44:12Z,0,1,1,1,1,0,0,0,0,1,0,0,1,1,0.08602150537634409,0.08602150537634409,0.24731182795698925,0.5806451612903226,14,1,0.1308411214953271,0.007024586051179127,1,1992,17,1,1,2.0794415416798357,2.0794415416798357,3.1354942159291497,2.6390573296152584,2,1,4,3,0
https://github.com/browserslist/browserslist,False,True,4360,13122,13122,False,True,False,True,720,False,False,42,140,2014-12-13T19:35:45Z,2025-01-25T13:50:10Z,0,1,1,1,1,0,1,0,1,1,0,0,1,1,0.41891201634529435,0.41891201634529435,0.022985570169837825,0.13919039713957349,390,1,0.01229740808475752,0.10549093859886394,1,3696,0,1,0,9.482045489904824,9.482045489904824,6.579251212010101,5.966146739123692,37,486,5,291,29442505
https://github.com/clap-rs/clap,False,True,20067,14647,14647,False,True,False,True,1072,False,False,348,68,2015-02-25T13:36:33Z,2025-01-25T14:41:50Z,0,1,1,1,1,0,1,0,1,1,0,0,1,1,0.2904249201911447,0.2904249201911447,0.02125592370075149,0.39789423591695916,120,1,0.002373746365200878,0.033121722329561135,1,3622,0,1,0,9.591990815318308,9.591990815318308,6.977281341630747,4.787491742782046,318,1751,30,2682,0
https://github.com/node-fetch/node-fetch,False,False,1268,8822,8822,False,False,False,True,1036,False,False,210,89,2015-01-26T07:29:26Z,2025-01-21T20:50:40Z,0,0,1,1,1,0,0,0,1,1,0,0,1,1,0.44224984960898334,0.44224984960898334,0.05193503108081011,0.06356526970122318,300,1,0.014816278150928487,0.08212428141253764,1,3652,4,1,1,9.085003880664885,9.085003880664885,6.943122422819428,5.703782474656201,174,736,36,682,11603422
https://github.com/epoberezkin/fast-json-stable-stringify,False,False,93,295,295,True,False,True,False,34,False,False,21,4,2017-10-24T09:07:57Z,2025-01-24T05:22:30Z,0,0,1,1,1,1,0,1,0,1,0,0,1,1,0.41143654114365413,0.41143654114365413,0.04741980474198047,0.1297071129707113,270,1,0.2735562310030395,0.1018483591097699,1,2650,1,1,1,5.68697535633982,5.68697535633982,3.5263605246161616,5.598421958998375,7,2,14,55,31206656
https://github.com/import-js/eslint-plugin-import,False,False,4183,5619,5619,False,False,True,False,1576,False,False,600,37,2015-03-15T00:21:57Z,2025-01-25T07:55:53Z,0,0,1,1,1,0,0,1,0,1,0,0,1,1,0.3305877507795493,0.3305877507795493,0.09272224510207684,0.2461022533388245,780,1,0.04387691961523316,0.21636615811373092,1,3604,0,1,0,8.633908991112198,8.633908991112198,7.362645270417825,6.659293919683638,506,1509,94,1000,0
https://github.com/axios/axios,False,True,17673,106210,106210,True,False,False,True,10998,False,False,696,1186,2014-08-18T22:30:27Z,2025-01-25T20:59:55Z,0,1,1,1,1,1,0,0,1,1,0,0,1,1,0.4405390495704941,0.4405390495704941,0.04561762985760563,0.0733042710014061,810,1,0.0033484772696268307,0.21243115656963021,1,3812,0,1,0,11.573173545315585,11.573173545315585,9.30546871706776,6.697034247666484,561,4189,135,1610,0
https://github.com/tklauser/numcpus,False,True,1079,26,26,False,False,True,False,10,False,False,0,3,2018-12-13T16:31:43Z,2025-01-21T10:08:16Z,0,1,1,1,1,0,0,1,0,1,0,0,0,1,0.022787028921998246,0.022787028921998246,0.008764241893076249,0.9456617002629273,540,1,0.32123735871505055,0.24150268336314848,1,2235,4,1,1,3.258096538021482,3.258096538021482,2.302585092994046,6.29156913955832,0,1,0,112,0
https://github.com/debug-js/debug,False,False,417,11204,11204,False,False,False,False,944,False,False,80,139,2011-11-29T02:23:54Z,2025-01-25T10:27:16Z,0,0,1,1,1,0,0,0,0,1,0,0,1,1,0.47137027220329,0.47137027220329,0.039715595944297195,0.017543859649122806,180,1,0.00751597143930853,0.03744539213646765,1,4806,0,1,0,9.324026136379999,9.324026136379999,6.8501261661455,5.19295685089021,59,587,21,299,41109824
https://github.com/mattn/go-runewidth,False,False,153,619,619,True,False,True,False,95,False,False,16,13,2013-06-21T04:56:50Z,2025-01-13T07:44:22Z,0,0,1,1,1,1,0,1,0,1,0,0,1,1,0.4165545087483176,0.4165545087483176,0.0639300134589502,0.10296096904441454,600,1,0.28763183125599234,0.14160962945480293,1,4236,12,1,1,6.428105272684596,6.428105272684596,4.553876891600541,6.396929655216146,10,23,6,41,131040
https://github.com/walletconnect/walletconnect-monorepo,False,False,94214,1490,1490,True,False,True,True,729,False,False,70,73,2018-08-26T14:02:36Z,2025-01-25T03:12:42Z,0,0,1,1,1,1,0,1,1,1,0,0,1,1,0.01521603709036692,0.01521603709036692,0.007444624858307037,0.9621233009609591,510,1,0.005181189235317424,0.21748400852878466,1,2344,0,1,0,7.306531398939505,7.306531398939505,6.591673732008658,6.234410725718371,46,1300,24,1211,0
https://github.com/eslint/eslint,False,True,45186,25473,25473,True,False,False,True,4628,False,False,97,316,2013-06-29T23:59:48Z,2025-01-25T15:54:56Z,0,1,1,1,1,1,0,0,1,1,0,0,1,1,0.2528086542278682,0.2528086542278682,0.04593092497022628,0.4484517665740373,690,1,0.0068013799901429275,0.16319772942289498,1,4227,0,1,0,10.145374346667474,10.145374346667474,8.439880088313567,6.536691597591305,87,10366,10,7698,24222636
https://github.com/consensys/teku,False,True,540810,692,692,False,True,True,True,305,False,False,153,34,2018-09-07T09:30:05Z,2025-01-24T21:52:06Z,0,1,1,1,1,0,1,1,1,1,0,0,1,1,0.0012755783881629274,0.0012755783881629274,0.0005622130179041805,0.99688663020577,180,1,0.00033168779333639224,0.07715387912558937,1,2332,0,1,0,6.539585955617669,6.539585955617669,5.720311776607412,5.19295685089021,140,2564,13,6293,0
https://github.com/rich-harris/magic-string,False,False,1260,2444,2444,True,False,True,False,116,False,False,30,15,2014-11-03T23:10:14Z,2025-01-22T14:11:23Z,0,0,1,1,1,1,0,1,0,1,0,0,1,1,0.3901660280970626,0.3901660280970626,0.018518518518518517,0.20114942528735633,30,1,0.004766444232602479,0.008029978586723769,1,3735,3,1,1,7.8013913202914855,7.8013913202914855,4.7535901911063645,3.4011973816621555,21,58,9,210,14944689
https://github.com/redux-saga/redux-saga,False,True,9473,22533,22533,True,True,True,True,1968,False,False,39,249,2015-11-29T16:58:12Z,2025-01-24T07:40:09Z,0,1,1,1,1,1,1,1,1,1,0,0,1,1,0.3987647548091387,0.3987647548091387,0.03482754349018705,0.16764294689153555,720,1,0.012581473779859157,0.21518230723251644,1,3345,1,1,1,10.022736180354121,10.022736180354121,7.584773077612199,6.579251212010101,30,1461,9,880,0
https://github.com/immerjs/immer,False,True,5838,27987,27987,True,True,True,False,851,False,False,53,155,2017-12-29T12:25:47Z,2025-01-25T13:20:49Z,0,1,1,1,1,1,1,1,0,1,0,0,1,1,0.44662719627212233,0.44662719627212233,0.013580581842554618,0.09316502561320077,750,1,0.011827227855487045,0.2901353965183752,1,2584,0,1,0,10.23949539562907,10.23949539562907,6.7464121285733745,6.620073206530356,33,631,20,464,0
https://github.com/wevm/isows,False,False,240,49,49,False,False,False,False,5,False,False,3,4,2023-10-08T06:04:44Z,2025-01-05T22:48:22Z,0,0,1,1,1,0,0,0,0,1,0,0,1,1,0.14285714285714285,0.14285714285714285,0.014577259475218658,0.6997084548104956,270,1,0.44045676998368677,0.5672268907563025,1,475,19,1,1,3.8918202981106265,3.8918202981106265,1.6094379124341003,5.598421958998375,2,2,1,15,0
https://github.com/yahoo/serialize-javascript,False,False,309,2833,2833,True,False,False,False,182,False,False,39,36,2014-09-16T16:07:16Z,2025-01-22T20:35:22Z,0,0,1,1,1,1,0,0,0,1,0,0,1,1,0.46012668507389964,0.46012668507389964,0.0295598505765795,0.05018677927562124,240,1,0.03751758636861029,0.06340819022457067,1,3784,3,1,1,7.949091499830517,7.949091499830517,5.204006687076795,5.480638923341991,30,29,9,119,0
https://github.com/postcss/autoprefixer,False,True,8190,21779,21779,False,True,False,False,1257,False,False,40,377,2013-03-14T05:04:51Z,2025-01-25T02:55:45Z,0,1,1,1,1,0,1,0,0,1,0,0,1,1,0.41088576549382133,0.41088576549382133,0.023714743892085652,0.15451372512027167,120,1,0.0022588235294117645,0.027675276752767528,1,4335,0,1,0,9.988701481750608,9.988701481750608,7.136483208590247,4.787491742782046,39,1118,1,339,22612081
https://github.com/bradfitz/iter,False,True,3,298,298,True,False,True,False,12,False,False,0,5,2014-01-24T04:11:58Z,2024-11-29T08:23:44Z,0,1,1,1,1,1,0,1,0,1,0,0,0,1,0.4877250409165303,0.4877250409165303,0.019639934533551555,0.004909983633387889,4,1,0.0065040650406504065,0.0009950248756218905,1,4019,57,1,1,5.697093486505405,5.697093486505405,2.4849066497880004,1.3862943611198906,0,7,0,4,0
https://github.com/google/btree,False,False,64,4000,4000,True,False,False,False,421,False,False,12,80,2014-07-31T17:56:24Z,2025-01-25T10:32:31Z,0,0,1,1,1,1,0,0,0,1,0,0,1,1,0.4714201532115498,0.4714201532115498,0.049616971125515615,0.007542722451384797,630,1,0.06911684037301152,0.16440501043841335,1,3831,0,1,0,8.294049640102028,8.294049640102028,6.042632833682381,6.4457198193855785,9,13,3,32,50232
https://github.com/electron/node-chromium-pickle-js,False,False,11,22,22,True,False,False,False,11,True,False,3,14,2015-04-24T01:49:23Z,2023-05-03T16:26:15Z,0,0,1,1,1,1,0,0,0,1,1,0,1,1,0.3333333333333333,0.3333333333333333,0.16666666666666666,0.16666666666666666,17,1,0.20481927710843373,0.004768583450210378,1,3564,633,1,1,3.091042453358316,3.091042453358316,2.3978952727983707,2.833213344056216,1,0,2,2,0
https://github.com/gregberge/svgr,False,True,15924,10652,10652,False,False,False,True,425,False,False,121,35,2017-09-01T21:38:42Z,2025-01-25T03:11:55Z,0,1,1,1,1,0,0,0,1,1,0,0,1,1,0.28289910498499454,0.28289910498499454,0.011287281225931532,0.4229145088040794,600,1,0.015685044310250175,0.22197558268590456,1,2702,0,1,0,9.273502946933823,9.273502946933823,6.052089168924417,6.396929655216146,107,501,14,323,10233154
https://github.com/libp2p/go-libp2p,False,False,59122,6190,6190,True,False,False,True,1102,False,False,270,181,2015-09-30T23:24:32Z,2025-01-24T19:21:38Z,0,0,1,1,1,1,0,0,1,1,0,0,1,1,0.08525701063302298,0.08525701063302298,0.0151782270949259,0.8143077516390281,900,1,0.012244231606443187,0.2643171806167401,1,3404,1,1,1,8.730690365678642,8.730690365678642,7.004881989712859,6.802394763324311,233,1010,37,1786,8300
https://github.com/ethers-io/ethers.js,False,True,157522,8081,8081,False,False,False,True,1921,False,False,565,103,2016-07-16T04:35:37Z,2025-01-25T05:56:52Z,0,1,1,1,1,0,0,0,1,1,0,0,1,1,0.04601805187779391,0.04601805187779391,0.010939324051137496,0.8970245721932747,210,1,0.0011944373346984046,0.06739409499358151,1,3115,0,1,0,8.997270906233448,8.997270906233448,7.560601162768557,5.3471075307174685,416,2275,149,479,614308
https://github.com/pytest-dev/pytest-cov,False,False,1097,1804,1804,True,False,False,False,213,False,False,146,41,2014-04-17T20:01:12Z,2025-01-23T17:19:10Z,0,0,1,1,1,1,0,0,0,1,0,0,1,1,0.3668157787718585,0.3668157787718585,0.04331028873525823,0.2230581537210248,210,1,0.04095163806552262,0.05334010668021336,1,3936,2,1,1,7.4977617006225685,7.4977617006225685,5.3612921657094255,5.3471075307174685,140,271,6,252,0
https://github.com/pytest-dev/pytest,False,True,34977,12350,12350,True,False,True,True,2732,False,False,918,194,2015-06-15T20:28:27Z,2025-01-25T16:35:45Z,0,1,1,1,1,1,0,1,1,1,0,0,1,1,0.1978881251101604,0.1978881251101604,0.043775737473761796,0.5604480123059175,60,1,0.0009604763962925611,0.017079419299743808,1,3512,0,1,0,9.421411342056123,9.421411342056123,7.912789220690681,4.0943445622221,824,5134,94,6095,1365584
https://github.com/erigontech/speedtest,False,False,42,1,1,True,False,True,False,1,False,False,1,0,2024-07-17T15:26:37Z,2024-11-13T17:17:05Z,0,0,1,1,1,1,0,1,0,1,0,0,1,0,0.022222222222222223,0.022222222222222223,0.022222222222222223,0.9333333333333333,3,1,0.0625,0.015544041450777202,1,192,73,1,1,0.0,0.0,0.0,1.0986122886681098,1,0,0,1,0
https://github.com/level/levelup,False,False,5894,4085,4085,False,False,True,False,267,True,False,0,91,2012-08-13T14:32:00Z,2025-01-13T05:59:10Z,0,0,1,1,1,0,0,1,0,1,1,0,0,1,0.28504640290279815,0.28504640290279815,0.018630939920452165,0.4112762542739516,480,1,0.03240834514887583,0.10551769619696637,1,4548,12,1,1,8.315077007294104,8.315077007294104,5.58724865840025,6.173786103901937,0,382,0,347,0
https://github.com/mattn/go-isatty,False,True,63,847,847,True,False,True,False,108,False,False,14,12,2014-04-01T01:53:09Z,2025-01-21T08:50:05Z,0,1,1,1,1,1,0,1,0,1,0,0,1,1,0.45415549597855226,0.45415549597855226,0.057908847184986595,0.033780160857908845,420,1,0.1838074398249453,0.10624841892233747,1,3952,4,1,1,6.741700694652055,6.741700694652055,4.68213122712422,6.040254711277414,10,24,4,49,504456
https://github.com/servo/unicode-bidi,False,False,9069,78,78,True,False,True,False,34,False,False,7,18,2015-05-26T17:28:44Z,2024-12-30T22:22:10Z,0,0,1,1,1,1,0,1,0,1,0,0,1,1,0.008424235878604601,0.008424235878604601,0.0036721028188789286,0.9794794254239119,780,1,0.07769698177109274,0.2207755448627229,1,3532,25,1,1,4.356708826689592,4.356708826689592,3.5263605246161616,6.659293919683638,6,27,1,104,0
https://github.com/prettier-solidity/prettier-plugin-solidity,False,True,5016,732,732,True,False,True,False,75,False,False,12,12,2018-05-15T15:12:02Z,2025-01-24T01:48:45Z,0,1,1,1,1,1,0,1,0,1,0,0,1,1,0.11167048054919909,0.11167048054919909,0.011441647597254004,0.7652173913043478,300,1,0.0437636761487965,0.12254901960784313,1,2447,1,1,1,6.595780513961311,6.595780513961311,4.31748811353631,5.703782474656201,7,219,5,852,0
https://github.com/motdotla/dotenv,False,True,2391,19408,19408,False,True,False,True,862,False,False,5,109,2013-07-05T18:25:05Z,2025-01-25T20:44:08Z,0,1,1,1,1,0,1,0,1,1,0,0,1,1,0.46133732677268297,0.46133732677268297,0.020490147139223657,0.056835199315410395,780,1,0.018203458657144858,0.18470281790196544,1,4222,0,1,0,9.873440631183831,9.873440631183831,6.759255270663693,6.659293919683638,5,478,0,345,20162754
https://github.com/ajv-validator/ajv,False,True,37489,14015,14015,False,True,False,True,886,False,False,282,112,2015-05-19T23:23:32Z,2025-01-25T06:02:51Z,0,1,1,1,1,0,1,0,1,1,0,0,1,1,0.21105338453429712,0.21105338453429712,0.013342368797530306,0.5645508621338755,390,1,0.005838760386256457,0.11020062164453236,1,3538,0,1,0,9.547883463598888,9.547883463598888,6.786716950605081,5.966146739123692,239,1433,43,775,31562145
https://github.com/safe-global/safe-smart-account,False,True,8510,1915,1915,True,False,False,False,963,False,False,16,49,2017-09-02T09:23:38Z,2025-01-24T08:23:16Z,0,1,1,1,1,1,0,0,0,1,0,0,1,1,0.143952491919116,0.143952491919116,0.07238968653687139,0.6397053296248967,660,1,0.04726777913055934,0.244173140954495,1,2702,1,1,1,7.557472901614746,7.557472901614746,6.870053411798126,6.492239835020471,14,293,2,521,1714
https://github.com/nethermindeth/nethermind,False,True,498327,1318,1318,True,False,False,False,471,False,False,472,57,2017-08-23T15:10:51Z,2025-01-25T20:23:37Z,0,1,1,1,1,1,0,0,0,1,0,0,1,1,0.0026284615722108992,0.0026284615722108992,0.0009393060701906931,0.9938037707853875,270,1,0.0005381659305088259,0.09952082565425728,1,2712,0,1,0,7.183870715062453,7.183870715062453,6.154858094016418,5.598421958998375,351,2101,121,5498,0
https://github.com/vercel/serve-handler,False,True,639,590,590,False,False,False,False,98,False,False,81,59,2018-05-14T19:08:11Z,2025-01-15T13:14:35Z,0,1,1,1,1,0,0,0,0,1,0,0,1,1,0.3077725612936881,0.3077725612936881,0.05112154407929056,0.3333333333333333,210,1,0.09873060648801128,0.08574928542262147,1,2448,10,1,1,6.380122536899765,6.380122536899765,4.584967478670572,5.3471075307174685,48,49,33,90,0
https://github.com/vyperlang/vyper,False,True,12406,4956,4956,True,False,True,True,821,False,False,496,161,2016-11-11T08:56:41Z,2025-01-25T00:21:50Z,0,1,1,1,1,1,0,1,1,1,0,0,1,1,0.2141838454557241,0.2141838454557241,0.035481222179005144,0.5361510869095466,300,1,0.012799180852425445,0.1000667111407605,1,2997,0,1,0,8.508354242749032,8.508354242749032,6.710523109452428,5.703782474656201,411,1306,85,2329,1498
https://github.com/postcss/postcss,False,True,10792,28612,28612,False,True,True,True,1570,False,False,23,506,2013-09-24T23:06:48Z,2025-01-25T18:15:59Z,0,1,1,1,1,0,1,1,1,1,0,0,1,1,0.411174661569856,0.411174661569856,0.02256200959963211,0.15508866726065587,210,1,0.0030087684107971803,0.050712388312001935,1,4140,0,1,0,10.261581489228275,10.261581489228275,7.358830898342354,5.3471075307174685,23,980,0,901,29617328
https://github.com/import-js/eslint-import-resolver-typescript,False,True,4542,748,748,False,False,False,False,64,False,False,29,4,2017-09-24T00:27:16Z,2025-01-19T04:37:48Z,0,1,1,1,1,0,0,0,0,1,0,0,1,1,0.12258275975090134,0.12258275975090134,0.010488364470665356,0.744346116027532,450,1,0.06868131868131869,0.1678478179783663,1,2680,6,1,1,6.617402977974478,6.617402977974478,4.1588830833596715,6.1092475827643655,28,134,1,175,2863316
https://github.com/pnpm/cmd-shim,False,False,805,14,14,True,False,True,False,11,False,False,7,5,2016-08-01T00:01:18Z,2023-06-20T06:13:21Z,0,0,1,1,1,1,0,1,0,1,0,0,1,1,0.016587677725118485,0.016587677725118485,0.013033175355450236,0.9537914691943128,480,1,0.36253776435045315,0.15483870967741936,1,3099,585,1,1,2.6390573296152584,2.6390573296152584,2.3978952727983707,6.173786103901937,5,7,2,32,0
https://github.com/libp2p/go-libp2p-pubsub,False,True,1399,332,332,False,False,False,False,189,False,False,81,42,2016-09-10T13:26:37Z,2024-12-30T20:25:31Z,0,1,1,1,1,0,0,0,0,1,0,0,1,1,0.14742451154529307,0.14742451154529307,0.08392539964476022,0.6212255772646537,840,1,0.2716688227684347,0.27450980392156865,1,3059,26,1,1,5.805134968916488,5.805134968916488,5.241747015059643,6.733401891837359,73,152,8,356,0
https://github.com/mikemcl/bignumber.js,False,True,4784,6756,6756,True,True,True,False,742,False,False,24,83,2012-11-08T20:01:35Z,2025-01-25T13:34:54Z,0,1,1,1,1,1,1,1,0,1,0,0,1,1,0.35486920895052,0.35486920895052,0.03897468221451833,0.25128689988444164,480,1,0.02459268367660621,0.10757507844016136,1,4461,0,1,0,8.81818627792769,8.81818627792769,6.60934924316738,6.173786103901937,19,260,5,79,1937010
https://github.com/eslint/eslintrc,False,False,293,129,129,False,False,False,False,43,False,False,0,13,2020-08-20T18:44:53Z,2025-01-25T15:47:56Z,0,0,1,1,1,0,0,0,0,1,0,0,0,1,0.21717171717171718,0.21717171717171718,0.0723905723905724,0.49326599326599324,630,1,0.5147058823529411,0.3888888888888889,1,1619,0,1,0,4.859812404361672,4.859812404361672,3.7612001156935624,6.4457198193855785,0,46,0,127,17852098
https://github.com/colorjs/color-name,False,False,20,119,119,True,False,True,False,30,False,False,0,3,2014-11-23T16:16:07Z,2025-01-19T18:54:47Z,0,0,1,1,1,1,0,1,0,1,0,0,0,1,0.4131944444444444,0.4131944444444444,0.10416666666666667,0.06944444444444445,330,1,0.5339805825242718,0.08878127522195318,1,3716,6,1,1,4.77912349311153,4.77912349311153,3.4011973816621555,5.799092654460526,0,8,0,15,37150390
https://github.com/pion/webrtc,False,True,5351,14191,14191,False,False,True,True,1680,False,False,91,261,2018-05-18T23:10:05Z,2025-01-25T12:00:15Z,0,1,1,1,1,0,0,1,1,1,0,0,1,1,0.40072854601417557,0.40072854601417557,0.047440205574224154,0.15110270239742468,570,1,0.015840813717588862,0.2332242225859247,1,2443,0,1,0,9.560363239834537,9.560363239834537,7.426549072397305,6.345636360828596,75,934,16,1774,115
https://github.com/prettier-solidity/solidity-comments-extractor,False,False,345,6,6,True,False,True,False,0,False,False,0,5,2020-11-15T20:56:15Z,2023-08-19T05:04:44Z,0,0,1,1,1,1,0,1,0,0,0,0,0,1,0.01680672268907563,0.01680672268907563,0.0,0.9663865546218487,23,1,0.060526315789473685,0.015003261578604044,1,1532,525,1,1,1.791759469228055,1.791759469228055,0.0,3.1354942159291497,0,0,0,3,0
https://github.com/rich-harris/estree-walker,False,False,2041,399,399,True,False,True,False,38,False,False,10,5,2015-04-09T12:56:33Z,2025-01-17T20:12:21Z,0,0,1,1,1,1,0,1,0,1,0,0,1,1,0.1386861313868613,0.1386861313868613,0.013208202989224887,0.7094195342370525,660,1,0.18659881255301103,0.18435754189944134,1,3579,8,1,1,5.988961416889864,5.988961416889864,3.6375861597263857,6.492239835020471,5,7,5,26,0
https://github.com/inikulin/parse5,False,False,10819,3716,3716,True,True,True,False,237,False,False,29,43,2013-03-18T19:46:24Z,2025-01-24T03:51:07Z,0,0,1,1,1,1,1,1,0,1,0,0,1,1,0.20099524015577672,0.20099524015577672,0.012819125919515362,0.5851903937689312,570,1,0.029908699758631547,0.13157894736842105,1,4331,1,1,1,8.22040309993373,8.22040309993373,5.4680601411351315,6.345636360828596,26,308,3,1041,18489169
https://github.com/mochajs/mocha,False,True,26733,22691,22691,False,False,True,False,3014,False,False,193,398,2011-03-07T18:44:25Z,2025-01-23T16:02:33Z,0,1,1,1,1,0,0,1,0,1,0,0,1,1,0.30202717991720907,0.30202717991720907,0.04011766428409802,0.35582797588148385,180,1,0.002390152571405808,0.035474970437524636,1,5073,2,1,1,10.02972364908127,10.02972364908127,8.01102337918644,5.19295685089021,175,2863,18,2151,2650278
https://github.com/crate-crypto/go-ipa,False,True,360,33,33,False,True,False,False,14,False,False,10,3,2021-10-13T17:15:25Z,2024-12-10T11:52:51Z,0,1,1,1,1,0,1,0,0,1,0,0,1,1,0.075,0.075,0.031818181818181815,0.8181818181818182,240,1,0.35294117647058826,0.19983347210657784,1,1200,46,1,1,3.4965075614664802,3.4965075614664802,2.6390573296152584,5.480638923341991,7,9,3,53,0
https://github.com/alexeyraspopov/picocolors,False,False,81,1447,1447,False,False,False,False,45,False,False,11,11,2021-09-27T04:22:36Z,2025-01-25T10:49:34Z,0,0,1,1,1,0,0,0,0,1,0,0,1,1,0.47913907284768215,0.47913907284768215,0.014900662251655629,0.02682119205298013,870,1,0.2236503856041131,0.714872637633525,1,1216,0,1,0,7.277247726631484,7.277247726631484,3.8066624897703196,6.76849321164863,7,34,4,47,22997521
https://github.com/boa-dev/boa,False,False,54861,5392,5392,True,True,True,True,413,False,False,130,47,2018-08-08T22:20:05Z,2025-01-25T02:34:38Z,0,0,1,1,1,1,1,1,1,1,0,0,1,1,0.08162523842683703,0.08162523842683703,0.006252081504132732,0.8304974416421932,600,1,0.009001170152119776,0.2540220152413209,1,2361,0,1,0,8.592671652592143,8.592671652592143,6.023447592961033,6.396929655216146,105,670,25,3282,633
https://github.com/marak/colors.js,False,True,380,5178,5178,True,False,True,False,449,False,False,90,53,2010-06-11T06:48:43Z,2025-01-23T02:16:04Z,0,1,1,1,1,1,0,1,0,1,0,0,1,1,0.4629414394278051,0.4629414394278051,0.04014304872597228,0.033974072418417524,570,1,0.04849000425350915,0.10668163952835485,1,5342,2,1,1,8.552174160311482,8.552174160311482,6.1070228877422545,6.345636360828596,71,143,19,110,0
https://github.com/webdriverio/webdriverio,False,True,353418,9159,9159,True,False,False,True,2530,False,False,204,216,2011-08-30T19:02:35Z,2025-01-25T18:42:35Z,0,1,1,1,1,1,0,0,1,1,0,0,1,1,0.024471899664944185,0.024471899664944185,0.006759898040431137,0.9442963026296805,780,1,0.0020797448846274855,0.1592486729277256,1,4897,0,1,0,9.122492281402987,9.122492281402987,7.835974581721566,6.659293919683638,191,5381,13,7816,67648
https://github.com/mmcloughlin/addchain,False,False,441,188,188,False,False,False,False,14,False,False,30,7,2020-01-31T03:31:03Z,2024-12-30T09:51:09Z,0,0,1,1,1,0,0,0,0,1,0,0,1,1,0.22623345367027678,0.22623345367027678,0.01684717208182912,0.5306859205776173,630,1,0.43121149897330596,0.34577387486278816,1,1821,26,1,1,5.236441962829949,5.236441962829949,2.6390573296152584,6.4457198193855785,29,30,1,92,6881
https://github.com/ethereum/eth-abi,False,False,1237,248,248,True,False,True,False,269,False,False,13,13,2016-02-19T20:18:56Z,2025-01-14T16:29:34Z,0,0,1,1,1,1,0,1,0,1,0,0,1,1,0.12387612387612387,0.12387612387612387,0.13436563436563437,0.6178821178821179,210,1,0.0949367088607595,0.06433823529411764,1,3263,11,1,1,5.5134287461649825,5.5134287461649825,5.594711379601839,5.3471075307174685,11,65,2,154,0
https://github.com/wooorm/ccount,False,False,63,6,6,False,False,False,False,2,False,False,0,4,2015-07-12T20:13:35Z,2023-03-15T11:06:47Z,0,0,1,1,1,0,0,0,0,1,0,0,0,1,0.07792207792207792,0.07792207792207792,0.025974025974025976,0.8181818181818182,120,1,0.6091370558375635,0.03442340791738382,1,3485,682,1,1,1.791759469228055,1.791759469228055,0.6931471805599453,4.787491742782046,0,0,0,16,0
https://github.com/status-im/nimbus-eth2,False,True,63533,557,557,True,True,True,False,253,False,False,202,37,2018-07-20T13:45:21Z,2025-01-24T23:29:50Z,0,1,1,1,1,1,1,1,0,1,0,0,1,1,0.008582434514637905,0.008582434514637905,0.003898305084745763,0.9789368258859784,510,1,0.0077969729399174435,0.2141057934508816,1,2381,0,1,0,6.322565239927284,6.322565239927284,5.53338948872752,6.234410725718371,172,972,30,5652,0
https://github.com/wighawag/hardhat-deploy,False,False,5446,1206,1206,True,False,True,False,298,False,False,171,15,2020-03-19T15:42:44Z,2025-01-15T16:08:50Z,0,0,1,1,1,1,0,1,0,1,0,0,1,1,0.14786660127513487,0.14786660127513487,0.03653751839136832,0.667729279058362,210,1,0.02510160172125269,0.11837655016910936,1,1773,10,1,1,7.095064377287131,7.095064377287131,5.697093486505405,5.3471075307174685,151,229,20,158,46642
https://github.com/mozilla/source-map,False,False,7514,3581,3581,False,False,True,False,362,False,False,64,70,2011-07-07T22:07:39Z,2025-01-24T08:26:15Z,0,0,1,1,1,0,0,1,0,1,0,0,1,1,0.2381300704880968,0.2381300704880968,0.024072350046548743,0.4996675089772576,480,1,0.030931821110967907,0.09695011108866895,1,4950,1,1,1,8.183397369998433,8.183397369998433,5.8916442118257715,6.173786103901937,41,192,23,248,29745698
https://github.com/lukeed/polka,False,False,768,5441,5441,False,False,False,False,173,False,False,27,69,2017-12-22T05:55:41Z,2025-01-23T14:18:34Z,0,0,1,1,1,0,0,0,0,1,0,0,1,1,0.46020468578195045,0.46020468578195045,0.014632495982407172,0.06495813245369196,840,1,0.06633499170812604,0.32407407407407407,1,2591,2,1,1,8.601718146485926,8.601718146485926,5.153291594497779,6.733401891837359,23,130,4,52,29050
https://github.com/pycqa/flake8,False,True,3665,3512,3512,False,False,False,False,313,False,False,24,39,2014-09-13T17:06:24Z,2025-01-25T01:39:48Z,0,1,1,1,1,0,0,0,0,1,0,0,1,1,0.3192146882385021,0.3192146882385021,0.02844937284130158,0.33312125068169424,30,1,0.002719361856417694,0.00791974656810982,1,3787,0,1,0,8.163940954755008,8.163940954755008,5.746203190540153,3.4011973816621555,22,1566,2,364,591615
https://github.com/gulpjs/glob-parent,False,False,60,80,80,False,False,False,False,45,False,False,7,15,2015-01-12T20:18:40Z,2024-12-07T00:38:13Z,0,0,1,1,1,0,0,0,0,1,0,0,1,1,0.3018867924528302,0.3018867924528302,0.16981132075471697,0.22641509433962265,870,1,0.7665198237885462,0.23725115898554677,1,3666,49,1,1,4.382026634673881,4.382026634673881,3.8066624897703196,6.76849321164863,3,27,4,28,36606186
https://github.com/swc-project/swc,False,True,364954,31556,31556,False,False,False,True,1254,False,False,422,152,2017-12-22T11:40:14Z,2025-01-25T09:42:39Z,0,1,1,1,1,0,0,0,1,1,0,0,1,1,0.07350228267958632,0.07350228267958632,0.0029208981645392714,0.8500745364762881,660,1,0.0015349551141913577,0.25462962962962965,1,2591,0,1,0,10.35951902421498,10.35951902421498,7.134093721192866,6.492239835020471,388,3292,34,5547,691642
https://github.com/floating-ui/floating-ui,False,True,40383,30538,30538,True,False,True,True,1629,False,False,38,257,2016-03-29T17:00:47Z,2025-01-25T20:47:30Z,0,1,1,1,1,1,0,1,1,1,0,0,1,1,0.29623234518081637,0.29623234518081637,0.015802033214341146,0.39173327642402606,330,1,0.003190933879982208,0.10232558139534884,1,3224,0,1,0,10.326727088743457,10.326727088743457,7.395721608602045,5.799092654460526,27,1376,11,1318,2822786
https://github.com/ipfs/js-ipfs,False,True,55948,7441,7441,True,True,False,False,1251,True,False,0,223,2014-05-30T00:31:06Z,2025-01-25T09:37:20Z,0,1,1,1,1,1,1,0,0,1,1,0,0,1,0.10323108724906702,0.10323108724906702,0.01735547509052316,0.7761823504113428,780,1,0.010705315600938774,0.20030816640986132,1,3893,0,1,0,8.914760527397261,8.914760527397261,7.1316985104669115,6.659293919683638,0,1672,0,2647,149
https://github.com/humanwhocodes/object-schema,False,False,111,32,32,True,False,False,False,7,True,False,1,2,2019-02-03T16:33:21Z,2024-06-10T15:34:29Z,0,0,1,1,1,1,0,0,0,1,1,0,1,1,0.17582417582417584,0.17582417582417584,0.038461538461538464,0.6098901098901099,180,1,0.4972375690607735,0.08241758241758242,1,2183,229,1,1,3.4657359027997265,3.4657359027997265,1.9459101490553132,5.19295685089021,0,1,1,18,0
https://github.com/mafintosh/pump,False,False,34,910,910,True,False,True,False,59,False,False,17,7,2013-08-14T19:59:20Z,2025-01-06T14:34:45Z,0,0,1,1,1,1,0,1,0,1,0,0,1,1,0.47569262937794043,0.47569262937794043,0.030841610036591742,0.017773131207527444,330,1,0.14712438698172092,0.07889074826679417,1,4182,19,1,1,6.813444599510896,6.813444599510896,4.07753744390572,5.799092654460526,12,28,5,15,16229503
https://github.com/vweevers/module-error,False,False,23,6,6,False,False,False,False,1,False,False,3,1,2021-10-22T09:00:52Z,2024-09-04T02:08:13Z,0,0,1,1,1,0,0,0,0,1,0,0,1,1,0.16666666666666666,0.16666666666666666,0.027777777777777776,0.6388888888888888,13,1,0.2653061224489796,0.010906040268456376,1,1191,143,1,1,1.791759469228055,1.791759469228055,0.0,2.5649493574615367,0,0,3,8,0
https://github.com/fastify/light-my-request,False,True,560,376,376,False,False,False,False,48,False,False,9,15,2017-09-27T22:40:55Z,2025-01-21T23:39:48Z,0,1,1,1,1,0,0,0,0,1,0,0,1,1,0.27647058823529413,0.27647058823529413,0.03529411764705882,0.4117647058823529,570,1,0.29533678756476683,0.21292491595069107,1,2676,3,1,1,5.929589143389895,5.929589143389895,3.871201010907891,6.345636360828596,6,50,3,272,132849
https://github.com/wooorm/markdown-table,False,False,130,274,274,False,False,False,False,24,False,False,0,7,2014-10-04T17:30:06Z,2025-01-02T22:57:22Z,0,0,1,1,1,0,0,0,0,1,0,0,0,1,0.3903133903133903,0.3903133903133903,0.03418803418803419,0.18518518518518517,840,1,0.5447470817120622,0.22298911600743296,1,3766,22,1,1,5.6131281063880705,5.6131281063880705,3.1780538303479458,6.733401891837359,0,11,0,22,1029089
https://github.com/ljharb/call-bind,False,False,130,10,10,False,False,False,False,7,False,False,3,4,2020-10-30T05:27:37Z,2024-12-06T05:19:15Z,0,0,1,1,1,0,0,0,0,1,0,0,1,1,0.06369426751592357,0.06369426751592357,0.044585987261146494,0.8280254777070064,210,1,0.5722070844686649,0.1355713363460297,1,1548,50,1,1,2.302585092994046,2.302585092994046,1.9459101490553132,5.3471075307174685,2,4,1,1,25972832
https://github.com/webpack/webpack,False,True,67052,64975,64975,True,False,False,True,8929,False,False,258,1456,2012-03-10T10:08:14Z,2025-01-25T20:56:36Z,0,1,1,1,1,1,0,0,1,1,0,0,1,1,0.3155183046748668,0.3155183046748668,0.043359183415804324,0.32560420723446204,420,1,0.0020353669233490507,0.08926673751328375,1,4704,0,1,0,11.081757859509691,11.081757859509691,9.097059685517216,6.040254711277414,144,9835,114,7039,21165316
https://github.com/vuejs/vue,False,True,32152,208264,208264,True,False,True,False,33709,False,False,601,5855,2013-07-29T03:24:51Z,2025-01-25T17:18:00Z,0,1,1,1,1,1,0,1,0,1,0,0,1,1,0.4317345544778177,0.4317345544778177,0.06987928829222889,0.06665160275213572,690,1,0.0014283378081017804,0.16432483924743987,1,4198,0,1,0,12.24656178466022,12.24656178466022,10.4255201430002,6.536691597591305,354,9663,247,2289,0
https://github.com/wevm/viem,False,True,366844,2706,2706,True,False,False,True,958,False,False,7,30,2022-07-22T00:54:04Z,2025-01-25T13:48:35Z,0,1,1,1,1,1,0,0,1,1,0,0,1,1,0.007250531866435879,0.007250531866435879,0.0025668919172378312,0.9829320443498905,180,1,0.0004820645216580877,0.19586507072905332,1,918,0,1,0,7.903226808730733,7.903226808730733,6.86484777797086,5.19295685089021,4,575,3,2040,62359
https://github.com/swc-project/pkgs,False,False,658,63,63,False,False,False,True,23,False,False,8,5,2023-07-14T04:40:03Z,2025-01-14T17:15:03Z,0,0,1,1,1,0,0,0,1,1,0,0,1,1,0.07806691449814127,0.07806691449814127,0.028500619578686492,0.815365551425031,300,1,0.27100271002710025,0.5338078291814946,1,561,11,1,1,4.143134726391533,4.143134726391533,3.1354942159291497,5.703782474656201,8,27,0,44,39519
https://github.com/vitest-dev/vitest,False,True,40168,13646,13646,True,False,True,True,1249,False,False,347,52,2021-12-03T19:19:49Z,2025-01-25T16:01:31Z,0,1,1,1,1,1,0,1,1,1,0,0,1,1,0.19860571395304835,0.19860571395304835,0.018178113493137724,0.5846104586007655,480,1,0.006937518969778433,0.41739130434782606,1,1149,0,1,0,9.52120171737537,9.52120171737537,7.130098510125578,6.173786103901937,276,2761,71,3200,0
https://github.com/mysticatea/event-target-shim,False,False,1375,125,125,False,False,False,False,26,False,False,29,5,2015-02-21T19:20:04Z,2024-11-30T05:37:46Z,0,0,1,1,1,0,0,0,0,1,0,0,1,1,0.07571168988491823,0.07571168988491823,0.015748031496062992,0.8328285887341006,210,1,0.11284255776464266,0.05789909015715467,1,3626,56,1,1,4.8283137373023015,4.8283137373023015,3.258096538021482,5.3471075307174685,11,18,17,17,3659344
https://github.com/openzeppelin/openzeppelin-contracts,False,True,47847,25233,25233,False,False,False,False,11893,False,False,283,639,2016-08-01T20:54:54Z,2025-01-25T17:21:52Z,0,1,1,1,1,0,0,0,0,1,0,0,1,1,0.22896212547411213,0.22896212547411213,0.10791608442371559,0.43415966462806016,120,1,0.0010876855863531714,0.03870967741935484,1,3099,0,1,0,10.135907940630547,10.135907940630547,9.383705270727246,4.787491742782046,216,1739,67,3268,286708
https://github.com/biomejs/biome,False,True,210855,16636,16636,True,False,False,True,517,False,False,217,52,2023-07-27T20:30:22Z,2025-01-25T20:36:28Z,0,1,1,1,1,1,0,0,1,1,0,0,1,1,0.06800085021500629,0.06800085021500629,0.0021132747993002077,0.8618850247706872,570,1,0.0023245002324500234,1.0382513661202186,1,548,0,1,0,9.719324300862802,9.719324300862802,6.248042874508429,6.345636360828596,186,1323,31,2902,43716
https://github.com/ethereum/go-ethereum,False,True,218308,48212,48212,True,True,True,False,20467,False,False,284,2209,2013-12-26T13:05:46Z,2025-01-25T20:42:33Z,0,1,1,1,1,1,1,1,0,1,0,0,1,1,0.1438309780160442,0.1438309780160442,0.061059251370081655,0.65127879259783,30,1,8.949106431722792e-05,0.007409236848604593,1,4048,0,1,0,10.783363231708234,10.783363231708234,9.926569111979449,3.4011973816621555,189,8019,95,11024,23419
https://github.com/quic-go/qpack,False,False,128,32,32,True,False,True,False,8,False,False,4,2,2019-03-01T02:39:43Z,2025-01-11T07:17:34Z,0,0,1,1,1,1,0,1,0,1,0,0,1,1,0.16,0.16,0.04,0.64,750,1,0.7894736842105263,0.34754402224281744,1,2157,14,1,1,3.4657359027997265,3.4657359027997265,2.0794415416798357,6.620073206530356,2,7,2,43,0
https://github.com/getsentry/sentry-javascript,False,True,145603,8074,8074,True,True,False,True,1617,False,False,385,126,2012-02-01T20:16:25Z,2025-01-25T16:52:50Z,0,1,1,1,1,1,1,0,1,1,0,0,1,1,0.049422163459184175,0.049422163459184175,0.009897899221389745,0.8912577738602419,660,1,0.004023703270173385,0.13915243516761544,1,4742,0,1,0,8.996404301412886,8.996404301412886,7.388327859577107,6.492239835020471,345,5508,40,8467,107689
https://github.com/ethereum/remix-plugin,False,False,6364,165,165,True,False,True,False,109,False,False,80,15,2018-03-19T12:50:16Z,2025-01-19T09:20:58Z,0,0,1,1,1,1,0,1,0,1,0,0,1,1,0.024254005585770982,0.024254005585770982,0.01602234308393356,0.9354696457445245,810,1,0.10639695258111126,0.32335329341317365,1,2504,6,1,1,5.10594547390058,5.10594547390058,4.6913478822291435,6.697034247666484,49,75,31,294,0
https://github.com/grandinetech/grandine,False,False,5474,183,183,True,False,True,False,33,False,False,36,7,2021-06-29T11:50:59Z,2025-01-22T13:53:01Z,0,0,1,1,1,1,0,1,0,1,0,0,1,1,0.031159543674442364,0.031159543674442364,0.005618934105227311,0.932061978545888,30,1,0.0050821616127392855,0.022953328232593728,1,1306,3,1,1,5.209486152841421,5.209486152841421,3.4965075614664802,3.4011973816621555,18,34,18,24,0
https://github.com/typescript-eslint/typescript-eslint,False,True,68533,15457,15457,False,False,False,True,2760,False,False,349,91,2019-01-13T17:52:15Z,2025-01-25T18:42:35Z,0,1,1,1,1,0,0,0,1,1,0,0,1,1,0.1512323030712182,0.1512323030712182,0.027004021250990638,0.6705313726065729,450,1,0.004383529618048452,0.20408163265306123,1,2204,0,1,0,9.645817254152318,9.645817254152318,7.9229859587111955,6.1092475827643655,299,4918,50,5293,16197147
https://github.com/alloy-rs/core,False,True,3431,819,819,False,False,False,False,166,False,False,34,22,2023-03-17T16:49:39Z,2025-01-21T22:04:10Z,0,1,1,1,1,0,0,0,0,1,0,0,1,1,0.15644699140401147,0.15644699140401147,0.03170964660936008,0.655396370582617,120,1,0.022408963585434174,0.1762114537444934,1,680,3,1,1,6.70808408385307,6.70808408385307,5.111987788356544,4.787491742782046,32,196,2,620,3209
https://github.com/webreflection/flatted,False,False,842,1057,1057,True,False,True,False,49,False,False,2,10,2018-04-26T08:05:51Z,2025-01-22T10:34:40Z,0,0,1,1,1,1,0,1,0,1,0,0,1,1,0.3517470881863561,0.3517470881863561,0.016306156405990018,0.28019966722129785,450,1,0.13024602026049203,0.18240778273206323,1,2466,3,1,1,6.963189985870238,6.963189985870238,3.8918202981106265,6.1092475827643655,1,54,1,26,23263337
https://github.com/supranational/blst,False,False,2032,485,485,True,False,True,False,181,False,False,35,18,2020-06-22T15:28:41Z,2025-01-24T00:45:32Z,0,0,1,1,1,1,0,1,0,1,0,0,1,1,0.15237197612315426,0.15237197612315426,0.0568645931511153,0.6383914546025762,360,1,0.10160880609652836,0.2144133412745682,1,1678,1,1,1,6.184148890937483,6.184148890937483,5.198497031265826,5.886104031450156,22,122,13,84,4143
https://github.com/prysmaticlabs/prysm,False,True,165941,3504,3504,True,False,True,True,1053,False,False,302,129,2018-01-11T21:31:33Z,2025-01-25T11:13:44Z,0,1,1,1,1,1,0,1,1,1,0,0,1,1,0.02013769956667165,0.02013769956667165,0.0060516545786830035,0.9536729462879737,840,1,0.004804337630546436,0.3267211201866978,1,2570,0,1,0,8.161660452056282,8.161660452056282,6.959398512133975,6.733401891837359,197,3014,105,11395,314
https://github.com/google/flatbuffers,False,True,20067,23677,23677,False,True,True,True,3284,False,False,140,643,2014-05-19T18:33:01Z,2025-01-25T10:50:10Z,0,1,1,1,1,0,1,1,1,1,0,0,1,1,0.3348702354854678,0.3348702354854678,0.046446503076161515,0.2838130259529029,150,1,0.0021169995060334487,0.03841229193341869,1,3904,0,1,0,10.072259391783,10.072259391783,8.096817470572319,5.0106352940962555,93,2343,47,2557,153648
https://github.com/safe-global/safe-singleton-factory,False,False,788,99,99,True,False,True,False,97,False,False,20,15,2021-09-17T11:44:26Z,2025-01-21T15:44:25Z,0,0,1,1,1,1,0,1,0,1,0,0,1,1,0.09141274238227147,0.09141274238227147,0.08956602031394276,0.7276084949215144,330,1,0.23354564755838642,0.26894865525672373,1,1226,4,1,1,4.59511985013459,4.59511985013459,4.574710978503383,5.799092654460526,17,500,3,365,0
https://github.com/protofire/solhint,False,True,3297,1054,1054,True,True,True,True,171,False,False,23,21,2017-10-16T11:48:44Z,2025-01-24T00:45:31Z,0,1,1,1,1,1,1,1,1,1,0,0,1,1,0.18902439024390244,0.18902439024390244,0.030667144906743184,0.591284074605452,630,1,0.10151466322913309,0.236931177134261,1,2658,1,1,1,6.960347729101308,6.960347729101308,5.14166355650266,6.4457198193855785,19,255,4,343,54959
https://github.com/ljharb/qs,False,False,12008,8628,8628,False,False,False,False,735,False,False,73,67,2014-07-25T18:35:41Z,2025-01-25T12:57:49Z,0,0,1,1,1,0,0,0,0,1,0,0,1,1,0.2876095869862329,0.2876095869862329,0.024500816693889798,0.40028000933364444,360,1,0.011858098092822556,0.09379885356956748,1,3837,0,1,0,9.062768007509048,9.062768007509048,6.5998704992128365,5.886104031450156,62,282,11,155,31961980
https://github.com/gulpjs/gulp,False,True,1118,33055,33055,True,False,False,True,4219,False,False,33,1025,2013-07-04T05:26:06Z,2025-01-24T07:56:24Z,0,1,1,1,1,1,0,0,1,1,0,0,1,1,0.4626506361358769,0.4626506361358769,0.059050764902655116,0.015647962825590996,180,1,0.002513018833680037,0.04261363636363636,1,4223,1,1,1,10.405928119767678,10.405928119767678,8.347353412124338,5.19295685089021,28,1905,5,664,2103593
https://github.com/babel/babel,False,True,122411,43376,43376,True,False,False,True,5658,False,False,782,804,2014-09-28T13:38:23Z,2025-01-25T13:03:25Z,0,1,1,1,1,1,0,0,1,1,0,0,1,1,0.2019169448052099,0.2019169448052099,0.02633820715851802,0.5698279032310621,270,1,0.0012552826478095319,0.07156109196925524,1,3772,0,1,0,10.677661571738447,10.677661571738447,8.640825751861513,5.598421958998375,628,8275,154,7206,25199185
https://github.com/servo/rust-smallvec,False,False,670,1391,1391,True,False,True,False,146,False,False,34,27,2015-04-05T21:42:27Z,2025-01-21T15:39:55Z,0,0,1,1,1,1,0,1,0,1,0,0,1,1,0.38660366870483603,0.38660366870483603,0.0405780989438577,0.18621456364647027,210,1,0.05514705882352941,0.05861010326542004,1,3582,4,1,1,7.237778191923443,7.237778191923443,4.983606621708336,5.3471075307174685,33,83,1,250,554085
https://github.com/webdriverio/selenium-standalone,False,True,3172,913,913,True,False,True,False,221,False,False,21,34,2013-09-25T12:10:36Z,2025-01-19T10:05:00Z,0,1,1,1,1,1,0,1,0,1,0,0,1,1,0.17493772753401035,0.17493772753401035,0.04234527687296417,0.6077792680590152,300,1,0.05435767349157456,0.07244626901714561,1,4140,6,1,1,6.816735880594968,6.816735880594968,5.3981627015177525,5.703782474656201,9,317,12,600,0
https://github.com/numpy/numpy,False,True,152872,28642,28642,True,False,True,False,10363,False,False,2181,598,2010-09-13T23:02:39Z,2025-01-25T20:44:24Z,0,1,1,1,1,1,0,1,0,1,0,0,1,1,0.129884499748321,0.129884499748321,0.0469936830839973,0.6932373174193607,750,1,0.0033895394293823357,0.14291158536585366,1,5247,0,1,0,10.262629451038649,10.262629451038649,9.245997049184217,6.620073206530356,1987,11074,194,14845,2816265
https://github.com/alloy-rs/alloy,False,True,27758,713,713,False,True,False,False,261,False,False,87,21,2023-04-17T23:31:47Z,2025-01-24T15:09:34Z,0,1,1,1,1,0,1,0,0,1,0,0,1,1,0.024214637459670573,0.024214637459670573,0.008863983698420785,0.9427067413822381,420,1,0.014063284781516826,0.6471494607087828,1,648,1,1,1,6.569481420414296,6.569481420414296,5.564520407322694,6.040254711277414,70,420,17,1426,950
https://github.com/streetsidesoftware/cspell,False,True,256835,1306,1306,True,True,True,True,103,False,False,106,13,2017-01-15T13:11:46Z,2025-01-25T06:19:15Z,0,1,1,1,1,1,1,1,1,1,0,0,1,1,0.00503178578308611,0.00503178578308611,0.0003968406858023502,0.9895395877480254,780,1,0.0029961971344063306,0.26593931128537335,1,2932,0,1,0,7.174724309836376,7.174724309836376,4.634728988229636,6.659293919683638,101,334,5,6304,0
https://github.com/hyperledger/besu,False,True,90907,1556,1556,False,False,False,False,879,False,False,272,58,2019-09-04T21:11:20Z,2025-01-25T02:06:24Z,0,1,1,1,1,0,0,0,0,1,0,0,1,1,0.016396552087504478,0.016396552087504478,0.00926257666125735,0.9579443191637337,60,1,0.0006318582952463195,0.030441400304414,1,1970,0,1,0,7.349873704738337,7.349873704738337,6.778784897685177,4.0943445622221,237,2617,35,5248,0
https://github.com/sindresorhus/type-fest,False,False,2026,14758,14758,False,False,False,False,571,False,False,162,52,2019-03-13T10:30:19Z,2025-01-25T12:41:48Z,0,0,1,1,1,0,0,0,0,1,0,0,1,1,0.4595646622863015,0.4595646622863015,0.017780960981533957,0.06308971444586305,510,1,0.015633142261594582,0.23765144454799628,1,2145,0,1,0,9.599540587618312,9.599540587618312,6.3473892096560105,6.234410725718371,153,376,9,502,26194138
https://github.com/emotion-js/emotion,False,True,24917,17617,17617,False,False,False,True,1117,False,False,344,96,2017-05-27T04:23:45Z,2025-01-24T17:15:53Z,0,1,1,1,1,0,0,0,1,1,0,0,1,1,0.28753998824835153,0.28753998824835153,0.018231376901482015,0.406688646601815,840,1,0.01352482771945643,0.299892895394502,1,2800,1,1,1,9.77661962392714,9.77661962392714,7.018401799069201,6.733401891837359,282,1428,62,1378,327298
https://github.com/lukeed/kleur,False,False,129,1638,1638,False,False,False,False,47,False,False,13,9,2018-07-10T07:22:28Z,2025-01-11T12:57:40Z,0,0,1,1,1,0,0,0,0,1,0,0,1,1,0.47450753186558514,0.47450753186558514,0.013615295480880649,0.037369640787949014,150,1,0.0416435313714603,0.06270903010033445,1,2391,14,1,1,7.401231264413015,7.401231264413015,3.8501476017100584,5.0106352940962555,8,17,5,31,15148951
https://github.com/eth-infinitism/account-abstraction,False,False,3155,1599,1599,True,False,True,False,679,False,False,13,39,2022-01-24T15:01:07Z,2025-01-23T21:41:04Z,0,0,1,1,1,1,0,1,0,1,0,0,1,1,0.2273890784982935,0.2273890784982935,0.09655858930602958,0.4486632536973834,60,1,0.008460236886632826,0.0546448087431694,1,1097,1,1,1,7.377133712833954,7.377133712833954,6.520621127558696,4.0943445622221,4,143,9,369,9922
https://github.com/xtuc/webassemblyjs,False,True,7668,793,793,False,True,False,False,92,False,False,77,10,2017-12-04T06:49:30Z,2025-01-21T17:04:28Z,0,1,1,1,1,0,1,0,0,1,0,0,1,1,0.08484913331906697,0.08484913331906697,0.00984378343676439,0.8204579499251017,660,1,0.06596042374575255,0.25287356321839083,1,2609,4,1,1,6.675823221634848,6.675823221634848,4.5217885770490405,6.492239835020471,62,154,15,972,166199
https://github.com/kaelzhang/node-ignore,False,False,386,455,455,True,False,True,False,47,False,False,4,10,2013-09-01T10:52:11Z,2025-01-19T11:27:51Z,0,0,1,1,1,1,0,1,0,1,0,0,1,1,0.33879374534623974,0.33879374534623974,0.034996276991809384,0.2874162323157111,300,1,0.18259281801582472,0.07202881152460984,1,4164,6,1,1,6.12029741895095,6.12029741895095,3.8501476017100584,5.703782474656201,3,70,1,73,27796949
https://github.com/web3/web3.js,False,True,138282,19550,19550,True,False,True,True,5021,False,False,150,462,2014-09-30T20:50:37Z,2025-01-25T20:45:17Z,0,1,1,1,1,1,0,1,1,1,0,0,1,1,0.10718025471072296,0.10718025471072296,0.027526959534656777,0.7581125310438973,60,1,0.0003288337909603591,0.015910898965791568,1,3770,0,1,0,9.880730565413511,9.880730565413511,8.521384396034705,4.0943445622221,145,3820,5,2883,0
https://github.com/chainsafe/lodestar,False,True,398880,1227,1227,True,True,True,True,318,False,False,257,34,2018-06-22T14:41:47Z,2025-01-25T06:59:40Z,0,1,1,1,1,1,1,1,1,1,0,0,1,1,0.003054883331839503,0.003054883331839503,0.0007917301544620716,0.9930985031818589,900,1,0.002235736004292613,0.37344398340248963,1,2409,0,1,0,7.112327444710911,7.112327444710911,5.762051382780177,6.802394763324311,225,2330,32,4722,132
https://github.com/cssnano/cssnano,False,True,33666,4823,4823,True,True,True,True,320,False,False,97,50,2015-04-14T16:23:09Z,2025-01-23T08:19:00Z,0,1,1,1,1,1,1,1,1,1,0,0,1,1,0.11053813714704804,0.11053813714704804,0.007334066740007334,0.7715896589658966,600,1,0.013564839934888768,0.16783216783216784,1,3574,2,1,1,8.481151420068972,8.481151420068972,5.768320995793772,6.396929655216146,91,646,6,925,15515548
https://github.com/qix-/color-convert,False,False,152,753,753,True,False,True,False,96,False,False,17,12,2011-06-10T04:15:33Z,2025-01-20T22:09:19Z,0,0,1,1,1,1,0,1,0,1,0,0,1,1,0.42930444697833525,0.42930444697833525,0.05473204104903079,0.08665906499429875,660,1,0.27340513670256833,0.13255673830086362,1,4978,4,1,1,6.6240652277998935,6.6240652277998935,4.564348191467836,6.492239835020471,13,39,4,50,37032280
https://github.com/bluealloy/revm,False,True,35642,1731,1731,True,True,True,True,607,False,False,84,30,2021-09-29T09:21:18Z,2025-01-24T20:45:31Z,0,1,1,1,1,1,1,1,1,1,0,0,1,1,0.04358993729697061,0.04358993729697061,0.015285437284379644,0.8975346881216791,30,1,0.0007548878991469767,0.024691358024691357,1,1214,1,1,1,7.456454555176209,7.456454555176209,6.408528791059498,3.4011973816621555,74,261,10,1674,1522
https://github.com/humanwhocodes/module-importer,False,False,82,25,25,True,False,False,False,5,False,False,13,1,2022-08-17T19:04:05Z,2025-01-15T20:09:49Z,0,0,1,1,1,1,0,0,0,1,0,0,1,1,0.18248175182481752,0.18248175182481752,0.0364963503649635,0.5985401459854015,11,1,0.07432432432432433,0.012318029115341545,1,892,10,1,1,3.2188758248682006,3.2188758248682006,1.6094379124341003,2.3978952727983707,2,2,11,12,0
https://github.com/prettier/prettier,False,True,144954,49837,49837,True,False,True,True,4452,False,False,1438,419,2016-11-29T17:13:37Z,2025-01-25T13:03:28Z,0,1,1,1,1,1,0,1,1,1,0,0,1,1,0.2000843102617633,0.2000843102617633,0.01787377549381725,0.5819576039826562,600,1,0.0024030759371996154,0.20134228187919462,1,2979,0,1,0,10.816512959033314,10.816512959033314,8.401108712395436,6.396929655216146,1185,5570,253,9681,9120929
https://github.com/nodeca/js-yaml,False,True,3777,6346,6346,True,True,False,False,776,False,False,65,75,2011-10-03T11:40:25Z,2025-01-22T00:35:30Z,0,1,1,1,1,1,1,0,0,1,0,0,1,1,0.36799072194839083,0.36799072194839083,0.04499855030443607,0.21902000579878225,870,1,0.04802649737786365,0.17886513157894737,1,4863,3,1,1,8.75557997214314,8.75557997214314,6.654152520183219,6.76849321164863,51,483,14,170,30783628
https://github.com/ethereum/web3.py,False,True,31264,5129,5129,True,False,False,False,1749,False,False,103,125,2016-04-14T15:59:35Z,2025-01-25T20:45:13Z,0,1,1,1,1,1,0,0,0,1,0,0,1,1,0.11853204224538375,0.11853204224538375,0.04041968061750364,0.7225162348917289,30,1,0.0006928246460820766,0.009348706762231224,1,3208,0,1,0,8.542665987389269,8.542665987389269,7.466799475018602,3.4011973816621555,83,1436,20,2010,23618
https://github.com/ethereum/solc-js,False,True,734,1469,1469,False,False,False,False,479,False,False,73,46,2016-04-04T13:32:01Z,2025-01-24T19:28:01Z,0,1,1,1,1,0,0,0,0,1,0,0,1,1,0.3538906287641532,0.3538906287641532,0.11539388099253192,0.17682486147916165,30,1,0.0071753169098301844,0.009319664492078284,1,3218,1,1,1,7.292337176173877,7.292337176173877,6.171700597410915,3.4011973816621555,57,207,16,434,0
https://github.com/node-fetch/fetch-blob,False,False,336,61,61,False,False,False,False,29,False,False,6,6,2019-05-16T05:52:35Z,2025-01-02T07:21:52Z,0,0,1,1,1,0,0,0,0,1,0,0,1,1,0.12525667351129363,0.12525667351129363,0.059548254620123205,0.6899383983572895,240,1,0.33012379642365886,0.11527377521613832,1,2081,23,1,1,4.110873864173311,4.110873864173311,3.367295829986474,5.480638923341991,3,30,3,137,584681
https://github.com/level/mem,False,False,70,24,24,False,False,False,False,5,True,False,0,10,2013-10-12T06:07:52Z,2024-12-02T00:33:43Z,0,0,1,1,1,0,0,0,0,1,1,0,0,1,0.1951219512195122,0.1951219512195122,0.04065040650406504,0.5691056910569106,390,1,0.7602339181286549,0.09456838021338507,1,4123,54,1,1,3.1780538303479458,3.1780538303479458,1.6094379124341003,5.966146739123692,0,15,0,58,0
https://github.com/epoberezkin/fast-deep-equal,False,False,102,1932,1932,True,False,True,False,106,False,False,34,14,2017-06-15T22:23:23Z,2025-01-25T07:06:35Z,0,0,1,1,1,1,0,1,0,1,0,0,1,1,0.47445972495088407,0.47445972495088407,0.026031434184675836,0.02504911591355599,90,1,0.02162421912542047,0.032362459546925564,1,2780,0,1,0,7.566311014772463,7.566311014772463,4.663439094112067,4.499809670330265,20,34,14,79,31634252
https://github.com/sigp/lighthouse,False,True,132121,3028,3028,True,False,True,False,788,False,False,475,71,2018-07-06T07:56:39Z,2025-01-25T19:15:53Z,0,1,1,1,1,1,0,1,0,1,0,0,1,1,0.021789659266721835,0.021789659266721835,0.005670492570071601,0.9507501888964848,630,1,0.004513055625201476,0.2629382303839733,1,2395,0,1,0,8.01565761455734,8.01565761455734,6.669498089857879,6.4457198193855785,375,1687,100,4633,0
https://github.com/rollup/rollup-pluginutils,False,False,592,45,45,True,False,True,False,17,True,False,0,16,2015-10-24T02:56:00Z,2024-02-28T14:57:34Z,0,0,1,1,1,1,0,1,0,1,1,0,0,1,0.06437768240343347,0.06437768240343347,0.024320457796852647,0.8469241773962805,540,1,0.4358353510895884,0.1596688350088705,1,3381,332,1,1,3.8066624897703196,3.8066624897703196,2.833213344056216,6.29156913955832,0,24,0,45,0
https://github.com/coinbase/coinbase-wallet-sdk,False,True,26354,1539,1539,False,True,False,False,604,False,False,8,170,2019-05-01T02:05:45Z,2025-01-25T15:43:30Z,0,1,1,1,1,0,1,0,0,1,0,0,1,1,0.051238513783459845,0.051238513783459845,0.020109202290584632,0.8774137701424957,510,1,0.01669613042624239,0.24320457796852646,1,2096,0,1,0,7.338888133838879,7.338888133838879,6.403574197934815,6.234410725718371,3,267,5,840,87015
https://github.com/babel/preset-modules,False,False,514,740,740,False,False,False,False,17,False,False,5,25,2019-11-08T16:07:22Z,2025-01-13T04:21:16Z,0,0,1,1,1,0,0,0,0,1,0,0,1,1,0.3679761312779712,0.3679761312779712,0.008453505718547987,0.2555942317255097,360,1,0.15183466891606917,0.1888772298006296,1,1905,12,1,1,6.606650186198215,6.606650186198215,2.833213344056216,5.886104031450156,3,12,2,20,0
https://github.com/dcodeio/long.js,False,False,541,893,893,True,False,True,False,206,False,False,27,23,2013-03-10T01:21:32Z,2025-01-23T15:55:00Z,0,0,1,1,1,1,0,1,0,1,0,0,1,1,0.35254638768258983,0.35254638768258983,0.0813264903276747,0.21358073430714566,180,1,0.06634721710283818,0.041474654377880185,1,4339,2,1,1,6.794586580876499,6.794586580876499,5.327876168789581,5.19295685089021,17,71,10,35,0
https://github.com/quic-go/quic-go,False,True,17040,10357,10357,False,False,True,False,1341,False,False,193,218,2016-04-06T20:16:27Z,2025-01-25T19:50:19Z,0,1,1,1,1,0,0,1,0,1,0,0,1,1,0.2649187875687428,0.2649187875687428,0.034301061516818006,0.43586136334569636,780,1,0.01956112852664577,0.24246192104445136,1,3216,0,1,0,9.24541789858888,9.24541789858888,7.201170883281678,6.659293919683638,159,1895,34,2823,8448
https://github.com/brooooooklyn/snappy,False,False,13046,168,168,True,False,True,False,10,False,False,12,4,2021-06-09T14:28:04Z,2025-01-22T08:48:25Z,0,0,1,1,1,1,0,1,0,1,0,0,1,1,0.012544802867383513,0.012544802867383513,0.0007467144563918758,0.9741636798088411,660,1,0.04696840307429547,0.49736247174076864,1,1326,3,1,1,5.123963979403259,5.123963979403259,2.302585092994046,6.492239835020471,11,18,1,202,0
https://github.com/erigontech/erigon,False,False,408647,3252,3252,True,False,True,True,1180,False,False,359,65,2019-05-27T12:12:40Z,2025-01-25T15:38:10Z,0,0,1,1,1,1,0,1,1,1,0,0,1,1,0.00781109261621162,0.00781109261621162,0.0028342832986253726,0.9815435314689513,90,1,0.00021612742873198038,0.04345726702076291,1,2070,0,1,0,8.087025470667701,8.087025470667701,7.07326971745971,4.499809670330265,305,3032,54,10029,0
https://github.com/go-task/slim-sprig,False,True,543,63,63,False,True,False,False,15,False,False,9,4,2019-06-23T00:39:37Z,2024-12-15T06:02:00Z,0,1,1,1,1,0,1,0,0,1,0,0,1,1,0.09210526315789473,0.09210526315789473,0.021929824561403508,0.793859649122807,120,1,0.14925373134328357,0.05870841487279843,1,2043,41,1,1,4.143134726391533,4.143134726391533,2.70805020110221,4.787491742782046,7,5,2,6,0
https://github.com/fastify/fastify,False,True,8809,32876,32876,True,False,False,True,2337,False,False,90,299,2016-09-28T19:10:14Z,2025-01-25T20:26:34Z,0,1,1,1,1,1,0,0,1,1,0,0,1,1,0.42752737392389917,0.42752737392389917,0.03039090743582408,0.11455434471637754,300,1,0.003886111039146092,0.09861932938856016,1,3041,0,1,0,10.40049818726839,10.40049818726839,7.756623334538858,5.703782474656201,60,1972,30,3496,0
https://github.com/prysmaticlabs/protoc-gen-go-cast,False,False,66,2,2,True,False,True,False,2,False,False,0,7,2020-11-09T21:15:42Z,2024-01-31T06:26:26Z,0,0,1,1,1,1,0,1,0,1,0,0,0,1,0.027777777777777776,0.027777777777777776,0.027777777777777776,0.9166666666666666,900,1,0.9259259259259259,0.5847953216374269,1,1538,360,1,1,0.6931471805599453,0.6931471805599453,0.6931471805599453,6.802394763324311,0,1,0,2,0
https://github.com/vercel/swr,False,True,3415,30918,30918,False,False,False,True,1243,False,False,151,211,2019-10-28T18:16:01Z,2025-01-25T21:06:53Z,0,1,1,1,1,0,0,0,1,1,0,0,1,1,0.46497428339399044,0.46497428339399044,0.018693415947303515,0.051358017264715616,720,1,0.010712054036361471,0.3755868544600939,1,1916,0,1,0,10.339093817556279,10.339093817556279,7.1252830915107115,6.579251212010101,122,806,29,917,396493
https://github.com/facebook/react,False,True,717339,231653,231653,True,True,True,False,47439,False,False,974,6632,2013-05-24T16:15:54Z,2025-01-25T21:21:16Z,0,1,1,1,1,1,1,1,0,1,0,0,1,1,0.1886296051410164,0.1886296051410164,0.03862846515384941,0.5841123245641178,90,1,7.327951902580579e-05,0.021101992966002344,1,4264,0,1,0,12.35299584133292,12.35299584133292,10.767199954191426,4.499809670330265,784,12675,190,16503,26110053
https://github.com/nomicfoundation/hardhat,False,True,193577,7455,7455,True,False,False,True,1471,False,False,536,77,2018-04-14T22:20:59Z,2025-01-25T14:09:37Z,0,1,1,1,1,1,0,0,1,1,0,0,1,1,0.03550710142028406,0.03550710142028406,0.007006163137389383,0.9219796340220425,750,1,0.0035594282134517913,0.3026634382566586,1,2477,0,1,0,8.916640227198839,8.916640227198839,7.293697720601438,6.620073206530356,521,2191,15,3144,0
https://github.com/nodeca/argparse,False,False,381,493,493,True,False,True,False,74,False,False,5,21,2012-05-14T15:30:37Z,2025-01-12T18:01:22Z,0,0,1,1,1,1,0,1,0,1,0,0,1,1,0.3421235253296322,0.3421235253296322,0.05135322692574601,0.2643997224149896,810,1,0.3598400710795202,0.17456896551724138,1,4639,13,1,1,6.20050917404269,6.20050917404269,4.30406509320417,6.697034247666484,4,95,1,80,30912975
https://github.com/pandas-dev/pandas,False,True,365025,44391,44391,True,False,False,False,18161,False,False,3687,1111,2010-08-24T01:37:33Z,2025-01-25T20:31:16Z,0,1,1,1,1,1,0,0,0,1,0,0,1,1,0.09405510543087667,0.09405510543087667,0.038479303681605535,0.7734104854566412,420,1,0.0008890996384328137,0.07971152021256406,1,5268,0,1,0,10.700792025170644,10.700792025170644,9.807031716718498,6.040254711277414,3596,23553,91,33215,0
https://github.com/formatjs/formatjs,False,True,62582,14363,14363,False,False,False,True,1365,False,False,31,131,2014-04-24T17:28:36Z,2025-01-25T17:02:26Z,0,1,1,1,1,0,0,0,1,1,0,0,1,1,0.1549858103223161,0.1549858103223161,0.014729209154769997,0.6752991702005978,720,1,0.007709357232340753,0.183206106870229,1,3929,0,1,0,9.572410734431823,9.572410734431823,7.21890970761906,6.579251212010101,21,1937,10,2603,192500
https://github.com/tklauser/go-sysconf,False,True,312,140,140,False,False,True,False,27,False,False,1,5,2018-09-25T14:07:03Z,2025-01-21T20:36:21Z,0,1,1,1,1,0,0,1,0,1,0,0,1,1,0.22617124394184168,0.22617124394184168,0.04361873990306947,0.5040387722132472,840,1,0.5757368060315284,0.36285097192224625,1,2314,4,1,1,4.941642422609304,4.941642422609304,3.295836866004329,6.733401891837359,1,6,0,130,0
https://github.com/salesforce/tough-cookie,False,False,2148,984,984,True,False,False,True,225,False,False,17,50,2011-10-19T15:22:36Z,2025-01-25T09:44:32Z,0,0,1,1,1,1,0,0,1,1,0,0,1,1,0.22667588113337941,0.22667588113337941,0.051831375259156875,0.4948168624740843,240,1,0.05239030779305828,0.04950495049504951,1,4847,0,1,0,6.891625897052253,6.891625897052253,5.41610040220442,5.480638923341991,14,155,3,307,20387168
https://github.com/pion/datachannel,False,True,142,82,82,False,False,False,False,26,False,False,0,9,2018-12-24T12:42:38Z,2025-01-25T01:03:21Z,0,1,1,1,1,0,0,0,0,1,0,0,0,1,0.2469879518072289,0.2469879518072289,0.0783132530120482,0.42771084337349397,870,1,0.7237936772046589,0.39101123595505616,1,2224,0,1,0,4.406719247264253,4.406719247264253,3.258096538021482,6.76849321164863,0,14,0,220,0
https://github.com/jedisct1/go-minisign,False,False,83,113,113,True,False,True,False,12,False,False,1,5,2018-01-13T20:40:58Z,2024-12-23T10:12:49Z,0,0,1,1,1,1,0,1,0,1,0,0,1,1,0.35202492211838005,0.35202492211838005,0.037383177570093455,0.2585669781931464,180,1,0.3592814371257485,0.07003891050583658,1,2569,33,1,1,4.727387818712341,4.727387818712341,2.4849066497880004,5.19295685089021,0,2,1,8,0
https://github.com/chzyer/readline,False,False,3576,2109,2109,True,False,True,False,281,False,False,108,41,2015-09-20T15:11:30Z,2025-01-22T08:58:20Z,0,0,1,1,1,1,0,1,0,1,0,0,1,1,0.2611764705882353,0.2611764705882353,0.03479876160990712,0.4428482972136223,300,1,0.03582089552238806,0.08782201405152225,1,3415,3,1,1,7.653969180478774,7.653969180478774,5.638354669333745,5.703782474656201,78,51,30,78,20827
https://github.com/tokio-rs/axum,False,False,4872,20185,20185,False,False,False,True,1111,False,False,63,131,2021-05-30T09:22:25Z,2025-01-25T21:01:22Z,0,0,1,1,1,0,0,0,1,1,0,0,1,1,0.4354626453519729,0.4354626453519729,0.023968243695122213,0.10510646560093198,600,1,0.012778736182991503,0.4487658937920718,1,1336,0,1,0,9.912695033287042,9.912695033287042,7.01301578963963,6.396929655216146,45,764,18,1552,56779
https://github.com/electron/electron,False,True,161643,115240,115240,True,False,False,False,15754,False,False,982,2830,2013-04-12T01:47:36Z,2025-01-25T21:23:10Z,0,1,1,1,1,1,0,0,0,1,0,0,1,1,0.28253615673352506,0.28253615673352506,0.038624389215376205,0.3963032973175737,240,1,0.0005880666573556113,0.05572324123519851,1,4306,0,1,0,11.654772189198464,11.654772189198464,9.664849580263269,5.480638923341991,871,19576,111,23887,375436
https://github.com/walletconnect/walletconnect-utils,False,False,3961,115,115,True,False,True,False,80,False,False,21,24,2021-07-08T15:40:14Z,2025-01-24T09:23:58Z,0,0,1,1,1,1,0,1,0,1,0,0,1,1,0.026925778506204635,0.026925778506204635,0.018730976352142357,0.9274174666354483,690,1,0.1390848619229994,0.5315870570107858,1,1297,1,1,1,4.74493212836325,4.74493212836325,4.382026634673881,6.536691597591305,9,25,12,164,0
https://github.com/mysticatea/abort-controller,False,False,115,305,305,True,False,True,False,36,False,False,23,8,2017-09-29T04:05:44Z,2025-01-09T20:52:24Z,0,0,1,1,1,1,0,1,0,1,0,0,1,1,0.4007884362680683,0.4007884362680683,0.04730617608409987,0.15111695137976347,570,1,0.42824943651389935,0.21300448430493274,1,2675,16,1,1,5.720311776607412,5.720311776607412,3.58351893845611,6.345636360828596,17,12,6,5,0
https://github.com/mafintosh/end-of-stream,False,False,24,148,148,True,False,True,False,28,False,False,7,9,2013-11-26T23:27:57Z,2024-11-01T23:16:50Z,0,0,1,1,1,1,0,1,0,1,0,0,1,1,0.42528735632183906,0.42528735632183906,0.08045977011494253,0.06896551724137931,540,1,0.6081081081081081,0.13241785188818048,1,4077,84,1,1,4.997212273764115,4.997212273764115,3.332204510175204,6.29156913955832,4,12,3,13,16986681
https://github.com/sheetjs/js-crc32,False,True,22367,345,345,True,True,True,False,37,False,False,2,10,2014-06-16T21:21:27Z,2025-01-10T21:24:43Z,0,1,1,1,1,1,1,1,0,1,0,0,1,1,0.014938945180566382,0.014938945180566382,0.0016021477440027712,0.9685199618948644,360,1,0.015349194167306216,0.09285530049006964,1,3876,15,1,1,5.84354441703136,5.84354441703136,3.6109179126442243,5.886104031450156,1,17,1,5,1108986
https://github.com/ethereumjs/ethereumjs-monorepo,False,False,91723,2625,2625,True,True,False,True,777,False,False,142,64,2015-07-10T14:54:03Z,2025-01-25T20:51:13Z,0,0,1,1,1,1,1,0,1,1,0,0,1,1,0.026854219948849106,0.026854219948849106,0.007948849104859336,0.9383427109974425,630,1,0.006403740597682455,0.18061926605504589,1,3487,0,1,0,7.872836175025724,7.872836175025724,6.655440350367647,6.4457198193855785,91,1020,51,2608,0
https://github.com/ethereum/solidity,False,True,76195,23781,23781,True,False,True,False,5922,False,False,557,731,2015-08-17T12:27:26Z,2025-01-25T19:36:51Z,0,1,1,1,1,1,0,1,0,1,0,0,1,1,0.1833835856229613,0.1833835856229613,0.04566660754632593,0.5875662212077515,780,1,0.005978889919438291,0.22608695652173913,1,3449,0,1,0,10.076642221505265,10.076642221505265,8.686429508661536,6.659293919683638,493,5628,64,9051,0
https://github.com/rollup/rollup,False,True,30458,25556,25556,True,False,True,True,1544,False,False,582,256,2015-05-14T22:26:28Z,2025-01-25T08:39:12Z,0,1,1,1,1,1,0,1,1,1,0,0,1,1,0.30748129075727315,0.30748129075727315,0.018576894386024015,0.3664605240994297,30,1,0.0003608197825459444,0.008465011286681716,1,3543,0,1,0,10.148627401722234,10.148627401722234,7.342131730584722,3.4011973816621555,556,2804,26,2352,16073089
https://github.com/ajv-validator/ajv-formats,False,True,86,192,192,False,False,True,False,37,False,False,47,5,2020-07-20T10:21:48Z,2025-01-24T07:51:19Z,0,1,1,1,1,0,0,1,0,1,0,0,1,1,0.378698224852071,0.378698224852071,0.07297830374753451,0.16962524654832348,570,1,0.5292479108635098,0.3452453058752271,1,1650,1,1,1,5.2574953720277815,5.2574953720277815,3.6109179126442243,6.345636360828596,41,32,6,27,10848486
https://github.com/ethereumjs/ethereumjs-blockchain,False,True,335,123,123,False,False,False,False,63,True,False,0,28,2015-07-26T23:30:09Z,2025-01-21T10:52:00Z,0,1,1,1,1,0,0,0,0,1,1,0,0,1,0.19099378881987578,0.19099378881987578,0.09782608695652174,0.5201863354037267,150,1,0.1889168765743073,0.043215211754537596,1,3470,4,1,1,4.812184355372417,4.812184355372417,4.143134726391533,5.0106352940962555,0,39,0,92,0
https://github.com/facebook/fbjs,False,False,1556,1961,1961,True,False,False,False,314,False,False,77,70,2015-05-28T22:16:50Z,2025-01-23T16:57:36Z,0,0,1,1,1,1,0,0,0,1,0,0,1,1,0.33857044198895025,0.33857044198895025,0.05421270718232044,0.268646408839779,510,1,0.08092668993970169,0.14447592067988668,1,3529,2,1,1,7.581209826196346,7.581209826196346,5.749392985908253,6.234410725718371,45,95,32,356,0
https://github.com/reactivex/rxjs,False,True,125743,30962,30962,True,True,False,True,3006,False,False,271,449,2015-03-15T06:17:10Z,2025-01-25T20:29:28Z,0,1,1,1,1,1,1,0,1,1,0,0,1,1,0.16238271805656804,0.16238271805656804,0.015765210596151526,0.6594693532907123,900,1,0.00469794804069467,0.24965325936199723,1,3604,0,1,0,10.34051592510041,10.34051592510041,8.00836557031292,6.802394763324311,218,2936,53,3850,12210616
